agent,time_step,Reward,Action_0_0,Action_0_1,Action_0_2,Action_1_0,Action_1_1,Action_1_2,Action_1_3,Action_2_0,Action_2_1,Action_3_0,Action_3_1,Action_3_2,Action_4_0,Action_4_1,Action_4_2,Action_4_3,state_0_0,state_0_1,state_0_2,state_0_3,state_0_4,state_0_5,state_0_6,state_0_7,state_1_0,state_1_1,state_1_2,state_1_3,state_1_4,state_1_5,state_1_6,state_1_7,state_2_0,state_2_1,state_2_2,state_2_3,state_2_4,state_2_5,state_3_0,state_3_1,state_3_2,state_3_3,state_3_4,state_3_5,state_3_6,state_3_7,state_4_0,state_4_1,state_4_2,state_4_3,state_4_4,state_4_5,state_4_6,state_4_7,next_state_0_0,next_state_0_1,next_state_0_2,next_state_0_3,next_state_0_4,next_state_0_5,next_state_0_6,next_state_0_7,next_state_1_0,next_state_1_1,next_state_1_2,next_state_1_3,next_state_1_4,next_state_1_5,next_state_1_6,next_state_1_7,next_state_2_0,next_state_2_1,next_state_2_2,next_state_2_3,next_state_2_4,next_state_2_5,next_state_3_0,next_state_3_1,next_state_3_2,next_state_3_3,next_state_3_4,next_state_3_5,next_state_3_6,next_state_3_7,next_state_4_0,next_state_4_1,next_state_4_2,next_state_4_3,next_state_4_4,next_state_4_5,next_state_4_6,next_state_4_7
0,0,0.10264674252102451,0.31850001215934753,1.0,0.0,,,,,,,,,,,,,,0.0,0.5558027261128102,0.2,0.3,0.0,0.0,0.2,0.3578,,,,,,,,,,,,,,,,,,,,,,,,,,,,,,,0.0435,0.4999967522897065,0.260515002310276,0.38,0.5,0.0,0.2,0.3578,,,,,,,,,,,,,,,,,,,,,,,,,,,,,,
1,0,-0.0323921110128,,,,0.12939999997615814,0.0,0.0,0.43779999017715454,,,,,,,,,,,,,,,,,,0.0,-0.12275596695491882,0.2,0.3,0.0,0.0,0.2,0.3578,,,,,,,,,,,,,,,,,,,,,,,,,,,,,,,0.0435,-0.13548334871619241,0.22458599999547005,0.3,0.0,0.2189,0.2,0.3578,,,,,,,,,,,,,,,,,,,,,,
2,0,-0.01455679265246294,,,,,,,,0.9334999918937683,0.3633222979499921,,,,,,,,,,,,,,,,,,,,,,,,0.0,-0.0613779834674594,0.2,0.138062473220997,0.2,0.3578,,,,,,,,,,,,,,,,,,,,,,,,,,,,,,,,,0.0435,-0.0677416743480962,0.28868249922990796,0.12339006911831854,0.2,0.3578,,,,,,,,,,,,,,,,
3,0,0.0,,,,,,,,,,0.0,0.0,0.0,,,,,,,,,,,,,,,,,,,,,,,,,,,0.0,0.4059826320758295,0.2,0.3,0.0,0.0,0.2,0.3578,,,,,,,,,,,,,,,,,,,,,,,,,,,,,,,0.0435,0.3542651959056508,0.2,0.3,0.0,0.0,0.2,0.3578,,,,,,,,
4,0,-0.05658006946476,,,,,,,,,,,,,0.05979999899864197,0.0,0.0,0.6504999995231628,,,,,,,,,,,,,,,,,,,,,,,,,,,,,,,0.0,-0.029283843856261007,0.2,0.3,0.0,0.0,0.2,0.3578,,,,,,,,,,,,,,,,,,,,,,,,,,,,,,,0.0435,-0.05108197466144302,0.21136199980974196,0.3,0.0,0.331755,0.2,0.3578
0,1,0.16247829609646622,-0.02559999935328964,0.20720000565052032,0.0,,,,,,,,,,,,,,0.0435,0.4999967522897065,0.260515002310276,0.38,0.5,0.0,0.2,0.3578,,,,,,,,,,,,,,,,,,,,,,,,,,,,,,,0.087,0.765659659985894,0.25512552876221506,0.476576,0.6036,0.0,0.2,0.3578,,,,,,,,,,,,,,,,,,,,,,,,,,,,,,
1,1,-0.0584628513168,,,,0.02649999968707562,0.0,-0.0,0.24150000512599945,,,,,,,,,,,,,,,,,,0.0435,-0.13548334871619241,0.22458599999547005,0.3,0.0,0.2189,0.2,0.3578,,,,,,,,,,,,,,,,,,,,,,,,,,,,,,,0.087,-0.07603393008922842,0.22962099993601442,0.3,0.0,0.33965,0.2,0.3578,,,,,,,,,,,,,,,,,,,,,,
2,1,-0.012006781312163753,,,,,,,,0.9200000166893006,0.32471070820610143,,,,,,,,,,,,,,,,,,,,,,,,0.0435,-0.0677416743480962,0.28868249922990796,0.12339006911831854,0.2,0.3578,,,,,,,,,,,,,,,,,,,,,,,,,,,,,,,,,0.087,-0.03801696504461421,0.3760825008153915,0.15139268168285622,0.2,0.3578,,,,,,,,,,,,,,,,
3,1,0.0,,,,,,,,,,0.0,-0.0,-0.0,,,,,,,,,,,,,,,,,,,,,,,,,,,0.0435,0.3542651959056508,0.2,0.3,0.0,0.0,0.2,0.3578,,,,,,,,,,,,,,,,,,,,,,,,,,,,,,,0.087,0.5856341870323004,0.2,0.3,0.0,0.0,0.2,0.3578,,,,,,,,
4,1,-0.09263620325791198,,,,,,,,,,,,,0.08169999718666077,0.0,-0.0,0.26759999990463257,,,,,,,,,,,,,,,,,,,,,,,,,,,,,,,0.0435,-0.05108197466144302,0.21136199980974196,0.3,0.0,0.331755,0.2,0.3578,,,,,,,,,,,,,,,,,,,,,,,,,,,,,,,0.087,0.04869630034815449,0.22688499927520753,0.3,0.0,0.46823099999999995,0.2,0.3578
0,2,0.5195137592196208,0.40610000491142256,0.7307999730110168,0.0,,,,,,,,,,,,,,0.087,0.765659659985894,0.25512552876221506,0.476576,0.6036,0.0,0.2,0.3578,,,,,,,,,,,,,,,,,,,,,,,,,,,,,,,0.1304,0.3929715577048228,0.33228452969538536,0.631616,0.9690000000000001,0.0,0.2,0.3578,,,,,,,,,,,,,,,,,,,,,,,,,,,,,,
1,2,-0.06244124371200001,,,,0.47310000658035284,0.0,-0.0,0.03269999846816063,,,,,,,,,,,,,,,,,,0.087,-0.07603393008922842,0.22962099993601442,0.3,0.0,0.33965,0.2,0.3578,,,,,,,,,,,,,,,,,,,,,,,,,,,,,,,0.1304,-0.16279392185724081,0.3195100011862814,0.3,0.0,0.35600000000000004,0.2,0.3578,,,,,,,,,,,,,,,,,,,,,,
2,2,-0.23460462931414047,,,,,,,,-0.32059999999999983,0.0,,,,,,,,,,,,,,,,,,,,,,,,0.087,-0.03801696504461421,0.3760825008153915,0.15139268168285622,0.2,0.3578,,,,,,,,,,,,,,,,,,,,,,,,,,,,,,,,,0.1304,-0.0813969609186204,0.34233513239433894,0.1240197023531534,0.2,0.3578,,,,,,,,,,,,,,,,
3,2,0.0,,,,,,,,,,0.6931999921798706,-0.0,-0.0,,,,,,,,,,,,,,,,,,,,,,,,,,,0.087,0.5856341870323004,0.2,0.3,0.0,0.0,0.2,0.3578,,,,,,,,,,,,,,,,,,,,,,,,,,,,,,,0.1304,0.2634046569995936,0.33170799851417543,0.3,0.0,0.0,0.2,0.3578,,,,,,,,
4,2,-0.073879076850816,,,,,,,,,,,,,0.6941999793052673,0.0,-0.0,-0.13230000436306,,,,,,,,,,,,,,,,,,,,,,,,,,,,,,,0.087,0.04869630034815449,0.22688499927520753,0.3,0.0,0.46823099999999995,0.2,0.3578,,,,,,,,,,,,,,,,,,,,,,,,,,,,,,,0.1304,-0.09383359826159798,0.3587829953432083,0.3,0.0,0.400758,0.2,0.3578
0,3,-0.1286646956683502,0.002199999988079071,-0.6861000061035156,0.0,,,,,,,,,,,,,,0.1304,0.3929715577048228,0.33228452969538536,0.631616,0.9690000000000001,0.0,0.2,0.3578,,,,,,,,,,,,,,,,,,,,,,,,,,,,,,,0.1739,0.5389577643404936,0.33270252969312036,0.731768,0.62595,0.0,0.2,0.3578,,,,,,,,,,,,,,,,,,,,,,,,,,,,,,
1,3,-0.0707058321648,,,,0.4106000065803528,0.0,-0.0,0.06530000269412994,,,,,,,,,,,,,,,,,,0.1304,-0.16279392185724081,0.3195100011862814,0.3,0.0,0.35600000000000004,0.2,0.3578,,,,,,,,,,,,,,,,,,,,,,,,,,,,,,,0.1739,-0.1738688985346784,0.39752400243654845,0.3,0.0,0.38865,0.2,0.3578,,,,,,,,,,,,,,,,,,,,,,
2,3,-0.012111310814247664,,,,,,,,1.0,0.32636763777145633,,,,,,,,,,,,,,,,,,,,,,,,0.1304,-0.0813969609186204,0.34233513239433894,0.1240197023531534,0.2,0.3578,,,,,,,,,,,,,,,,,,,,,,,,,,,,,,,,,0.1739,-0.08693444927733922,0.4373351323943389,0.15210376754361013,0.2,0.3578,,,,,,,,,,,,,,,,
3,3,0.0,,,,,,,,,,0.0917000025510788,-0.0,-0.0,,,,,,,,,,,,,,,,,,,,,,,,,,,0.1304,0.2634046569995936,0.33170799851417543,0.3,0.0,0.0,0.2,0.3578,,,,,,,,,,,,,,,,,,,,,,,,,,,,,,,0.1739,0.37261740255841025,0.3491309989988804,0.3,0.0,0.0,0.2,0.3578,,,,,,,,
4,3,-0.10772031721382401,,,,,,,,,,,,,-0.036800000816583564,0.0,-0.0,0.2303999960422516,,,,,,,,,,,,,,,,,,,,,,,,,,,,,,,0.1304,-0.09383359826159798,0.3587829953432083,0.3,0.0,0.400758,0.2,0.3578,,,,,,,,,,,,,,,,,,,,,,,,,,,,,,,0.1739,-0.0819585281835285,0.35103562675024336,0.3,0.0,0.518262,0.2,0.3578
0,4,0.005815901694213137,0.2795000076293946,-0.39900000000000035,0.0,,,,,,,,,,,,,,0.1739,0.5389577643404936,0.33270252969312036,0.731768,0.62595,0.0,0.2,0.3578,,,,,,,,,,,,,,,,,,,,,,,,,,,,,,,0.2174,0.6043282997828846,0.38580753114270533,0.8,0.42645000000000005,0.0,0.2,0.3578,,,,,,,,,,,,,,,,,,,,,,,,,,,,,,
1,4,-0.10198074792344833,,,,0.016899999231100082,0.18359999358654022,0.0,0.05829999968409538,,,,,,,,,,,,,,,,,,0.1739,-0.1738688985346784,0.39752400243654845,0.3,0.0,0.38865,0.2,0.3578,,,,,,,,,,,,,,,,,,,,,,,,,,,,,,,0.2174,-0.11944699710576277,0.4007350022904575,0.31836000000000003,0.0,0.4178,0.2,0.3578,,,,,,,,,,,,,,,,,,,,,,
2,4,-0.01722048640172533,,,,,,,,0.9894999861717219,0.40027307248318456,,,,,,,,,,,,,,,,,,,,,,,,0.1739,-0.08693444927733922,0.4373351323943389,0.15210376754361013,0.2,0.3578,,,,,,,,,,,,,,,,,,,,,,,,,,,,,,,,,0.2174,-0.059723498552881386,0.5313376310806525,0.1745524661211275,0.2,0.3578,,,,,,,,,,,,,,,,
3,4,0.0,,,,,,,,,,0.2815000116825104,-0.0,-0.0,,,,,,,,,,,,,,,,,,,,,,,,,,,0.1739,0.37261740255841025,0.3491309989988804,0.3,0.0,0.0,0.2,0.3578,,,,,,,,,,,,,,,,,,,,,,,,,,,,,,,0.2174,0.4551235731812876,0.40261600121855734,0.3,0.0,0.0,0.2,0.3578,,,,,,,,
4,4,-0.10799053939720801,,,,,,,,,,,,,0.1134999990463257,0.0,-0.0,0.0017000000225380063,,,,,,,,,,,,,,,,,,,,,,,,,,,,,,,0.1739,-0.0819585281835285,0.35103562675024336,0.3,0.0,0.518262,0.2,0.3578,,,,,,,,,,,,,,,,,,,,,,,,,,,,,,,0.2174,-0.016477582760928974,0.37260062656904525,0.3,0.0,0.519129,0.2,0.3578
0,5,0.08449430199012486,0.5493000149726868,-0.8529000000000001,0.0,,,,,,,,,,,,,,0.2174,0.6043282997828846,0.38580753114270533,0.8,0.42645000000000005,0.0,0.2,0.3578,,,,,,,,,,,,,,,,,,,,,,,,,,,,,,,0.2609,0.6365694633492796,0.4901745339875158,0.8,0.0,0.0,0.2,0.3578,,,,,,,,,,,,,,,,,,,,,,,,,,,,,,
1,5,-0.10109028459712668,,,,0.1080000028014183,0.17749999463558197,0.0,-0.0007999999797903001,,,,,,,,,,,,,,,,,,0.2174,-0.11944699710576277,0.4007350022904575,0.31836000000000003,0.0,0.4178,0.2,0.3578,,,,,,,,,,,,,,,,,,,,,,,,,,,,,,,0.2609,-0.12091188964897161,0.421255002822727,0.33611,0.0,0.4174,0.2,0.3578,,,,,,,,,,,,,,,,,,,,,,
2,5,-0.021932925087975775,,,,,,,,0.5748999714851379,0.4593485950555986,,,,,,,,,,,,,,,,,,,,,,,,0.2174,-0.059723498552881386,0.5313376310806525,0.1745524661211275,0.2,0.3578,,,,,,,,,,,,,,,,,,,,,,,,,,,,,,,,,0.2609,-0.060455944824485804,0.5859531283717406,0.18508545187904585,0.2,0.3578,,,,,,,,,,,,,,,,
3,5,0.0349592576,,,,,,,,,,0.4799000024795533,0.47360000014305115,0.0,,,,,,,,,,,,,,,,,,,,,,,,,,,0.2174,0.4551235731812876,0.40261600121855734,0.3,0.0,0.0,0.2,0.3578,,,,,,,,,,,,,,,,,,,,,,,,,,,,,,,0.2609,0.4644674336032422,0.49379700168967244,0.33788799999999997,0.2368,0.0,0.2,0.3578,,,,,,,,
4,5,-0.095796077846784,,,,,,,,,,,,,0.4586000144481659,0.0,-0.0,-0.0786999985575676,,,,,,,,,,,,,,,,,,,,,,,,,,,,,,,0.2174,-0.016477582760928974,0.37260062656904525,0.3,0.0,0.519129,0.2,0.3578,,,,,,,,,,,,,,,,,,,,,,,,,,,,,,,0.2609,-0.015927213951426003,0.45973462931419673,0.3,0.0,0.47899200000000003,0.2,0.3578
0,6,-0.036817332880018504,0.8445000052452089,-0.0,-0.0,,,,,,,,,,,,,,0.2609,0.6365694633492796,0.4901745339875158,0.8,0.0,0.0,0.2,0.3578,,,,,,,,,,,,,,,,,,,,,,,,,,,,,,,0.3043,0.8008096350630719,0.6506295349841055,0.8,0.0,0.0,0.2,0.3578,,,,,,,,,,,,,,,,,,,,,,,,,,,,,,
1,6,-0.12229134399723775,,,,0.2240999937057495,0.3093999922275543,0.0,0.031300000846385956,,,,,,,,,,,,,,,,,,0.2609,-0.12091188964897161,0.421255002822727,0.33611,0.0,0.4174,0.2,0.3578,,,,,,,,,,,,,,,,,,,,,,,,,,,,,,,0.3043,0.04589427998067357,0.46383400162681937,0.36705,0.0,0.43305,0.2,0.3578,,,,,,,,,,,,,,,,,,,,,,
2,6,-0.024336476098587672,,,,,,,,0.48679998517036444,0.48706697862906806,,,,,,,,,,,,,,,,,,,,,,,,0.2609,-0.060455944824485804,0.5859531283717406,0.18508545187904585,0.2,0.3578,,,,,,,,,,,,,,,,,,,,,,,,,,,,,,,,,0.3043,0.31737751123483915,0.6321991269629252,0.20039051472910308,0.2,0.3578,,,,,,,,,,,,,,,,
3,6,0.09924960937499999,,,,,,,,,,0.40049999952316284,0.9139000177383423,0.0,,,,,,,,,,,,,,,,,,,,,,,,,,,0.2609,0.4644674336032422,0.49379700168967244,0.33788799999999997,0.2368,0.0,0.2,0.3578,,,,,,,,,,,,,,,,,,,,,,,,,,,,,,,0.3043,0.7581436576758489,0.5698920015990734,0.44888799999999995,0.69375,0.0,0.2,0.3578,,,,,,,,
4,6,-0.117390008929368,,,,,,,,,,,,,0.5304999947547916,0.0,-0.0,0.13670000433921814,,,,,,,,,,,,,,,,,,,,,,,,,,,,,,,0.2609,-0.015927213951426003,0.45973462931419673,0.3,0.0,0.47899200000000003,0.2,0.3578,,,,,,,,,,,,,,,,,,,,,,,,,,,,,,,0.3043,0.0607063156915248,0.5605296283176071,0.3,0.0,0.548709,0.2,0.3578
0,7,0.17965780645956633,0.7861603421889186,-0.0,-0.0,,,,,,,,,,,,,,0.3043,0.8008096350630719,0.6506295349841055,0.8,0.0,0.0,0.2,0.3578,,,,,,,,,,,,,,,,,,,,,,,,,,,,,,,0.3478,0.8717653186091718,0.8,0.8,0.0,0.0,0.4125,0.8325,,,,,,,,,,,,,,,,,,,,,,,,,,,,,,
1,7,-0.12779637078424128,,,,0.7233999967575073,0.2939000129699707,0.0,0.05299999937415123,,,,,,,,,,,,,,,,,,0.3043,0.04589427998067357,0.46383400162681937,0.36705,0.0,0.43305,0.2,0.3578,,,,,,,,,,,,,,,,,,,,,,,,,,,,,,,0.3478,-0.37469628113782405,0.6012800010107457,0.39644,0.0,0.45954999999999996,0.4125,0.8325,,,,,,,,,,,,,,,,,,,,,,
2,7,-0.028048068026587537,,,,,,,,1.0,0.5273434598134291,,,,,,,,,,,,,,,,,,,,,,,,0.3043,0.31737751123483915,0.6321991269629252,0.20039051472910308,0.2,0.3578,,,,,,,,,,,,,,,,,,,,,,,,,,,,,,,,,0.3478,0.22389819893975924,0.7271991269629252,0.28447007751145736,0.4125,0.8325,,,,,,,,,,,,,,,,
3,7,0.14,,,,,,,,,,1.0,0.6125,0.0,,,,,,,,,,,,,,,,,,,,,,,,,,,0.3043,0.7581436576758489,0.5698920015990734,0.44888799999999995,0.69375,0.0,0.2,0.3578,,,,,,,,,,,,,,,,,,,,,,,,,,,,,,,0.3478,0.6783234858465804,0.7598920015990734,0.608888,1.0,0.0,0.4125,0.8325,,,,,,,,
4,7,-0.11689524617080799,,,,,,,,,,,,,0.7156999707221985,0.0,-0.0,-0.003000000026077032,,,,,,,,,,,,,,,,,,,,,,,,,,,,,,,0.3043,0.0607063156915248,0.5605296283176071,0.3,0.0,0.548709,0.2,0.3578,,,,,,,,,,,,,,,,,,,,,,,,,,,,,,,0.3478,-0.3865898096490611,0.6965126227548248,0.3,0.0,0.547179,0.4125,0.8325
0,8,3.364872237357236,-0.6489999890327457,-0.0,1.0,,,,,,,,,,,,,,0.3478,0.8717653186091718,0.8,0.8,0.0,0.0,0.4125,0.8325,,,,,,,,,,,,,,,,,,,,,,,,,,,,,,,0.3913,0.7520132967281058,0.6633684233615272,0.6333333999999999,0.0,0.5,0.4125,0.8325,,,,,,,,,,,,,,,,,,,,,,,,,,,,,,
1,8,-0.21676364624801958,,,,-0.8051000237464905,0.014100000262260437,0.0,0.6977999806404114,,,,,,,,,,,,,,,,,,0.3478,-0.37469628113782405,0.6012800010107457,0.39644,0.0,0.45954999999999996,0.4125,0.8325,,,,,,,,,,,,,,,,,,,,,,,,,,,,,,,0.3913,-0.6008930450751707,0.4317852591693793,0.39785000000000004,0.0,0.80845,0.4125,0.8325,,,,,,,,,,,,,,,,,,,,,,
2,8,-0.44977901279508564,,,,,,,,-0.9373000264167788,0.021199999377131462,,,,,,,,,,,,,,,,,,,,,,,,0.3478,0.22389819893975924,0.7271991269629252,0.28447007751145736,0.4125,0.8325,,,,,,,,,,,,,,,,,,,,,,,,,,,,,,,,,0.3913,0.12763080895900905,0.6285359662874748,0.35607569004043266,0.4125,0.8325,,,,,,,,,,,,,,,,
3,8,0.079342940975,,,,,,,,,,-0.9854999780654907,-0.9018999934196472,0.0,,,,,,,,,,,,,,,,,,,,,,,,,,,0.3478,0.6783234858465804,0.7598920015990734,0.608888,1.0,0.0,0.4125,0.8325,,,,,,,,,,,,,,,,,,,,,,,,,,,,,,,0.3913,0.5047562797037162,0.5524183220063384,0.696736,0.54905,0.0,0.4125,0.8325,,,,,,,,
4,8,-0.27794677658988,,,,,,,,,,,,,-1.0,0.0,-0.0,0.7835999727249146,,,,,,,,,,,,,,,,,,,,,,,,,,,,,,,0.3478,-0.3865898096490611,0.6965126227548248,0.3,0.0,0.547179,0.4125,0.8325,,,,,,,,,,,,,,,,,,,,,,,,,,,,,,,0.3913,-0.6314867455052077,0.48598630696535117,0.3,0.0,0.946815,0.4125,0.8325
0,9,2.6341499289958388,-0.8133999705314636,0.0,0.5000001999999999,,,,,,,,,,,,,,0.3913,0.7520132967281058,0.6633684233615272,0.6333333999999999,0.0,0.5,0.4125,0.8325,,,,,,,,,,,,,,,,,,,,,,,,,,,,,,,0.4348,0.903537601692859,0.4921263243022717,0.3833334,0.0,0.75,0.4125,0.8325,,,,,,,,,,,,,,,,,,,,,,,,,,,,,,
1,9,-0.23094357998662496,,,,-0.30270001292228693,0.0,0.4566333333333334,0.051600001752376556,,,,,,,,,,,,,,,,,,0.3913,-0.6008930450751707,0.4317852591693793,0.39785000000000004,0.0,0.80845,0.4125,0.8325,,,,,,,,,,,,,,,,,,,,,,,,,,,,,,,0.4348,-0.5744899875198477,0.3680589406594242,0.3,0.2283166666666667,0.8342499999999999,0.4125,0.8325,,,,,,,,,,,,,,,,,,,,,,
2,9,-0.596431011510258,,,,,,,,-0.8838000297546389,0.0,,,,,,,,,,,,,,,,,,,,,,,,0.3913,0.12763080895900905,0.6285359662874748,0.35607569004043266,0.4125,0.8325,,,,,,,,,,,,,,,,,,,,,,,,,,,,,,,,,0.4348,0.19422275306847142,0.5355043842080391,0.3312185477149351,0.4125,0.8325,,,,,,,,,,,,,,,,
3,9,0.007333440975000001,,,,,,,,,,-0.2694000005722047,-1.0,0.0,,,,,,,,,,,,,,,,,,,,,,,,,,,0.3913,0.5047562797037162,0.5524183220063384,0.696736,0.54905,0.0,0.4125,0.8325,,,,,,,,,,,,,,,,,,,,,,,,,,,,,,,0.4348,0.5610477800837492,0.49570253241219014,0.704584,0.04905,0.0,0.4125,0.8325,,,,,,,,
4,9,-0.28101041563870954,,,,,,,,,,,,,-1.0,0.10180000215768814,0.0,-0.04089999943971634,,,,,,,,,,,,,,,,,,,,,,,,,,,,,,,0.3913,-0.6314867455052077,0.48598630696535117,0.3,0.0,0.946815,0.4125,0.8325,,,,,,,,,,,,,,,,,,,,,,,,,,,,,,,0.4348,-0.6222992724573106,0.27545999117587744,0.31018,0.0,0.925956,0.4125,0.8325
0,10,2.516234742065791,-0.9793000221252444,0.0,-0.9999996000000002,,,,,,,,,,,,,,0.4348,0.903537601692859,0.4921263243022717,0.3833334,0.0,0.75,0.4125,0.8325,,,,,,,,,,,,,,,,,,,,,,,,,,,,,,,0.4783,0.608037487043953,0.28595789859169396,0.3,0.0,0.25,0.2,0.3578,,,,,,,,,,,,,,,,,,,,,,,,,,,,,,
1,10,-0.2526067135488,,,,-0.411199986934662,0.0,-0.4566333333333334,0.11779999732971191,,,,,,,,,,,,,,,,,,0.4348,-0.5744899875198477,0.3680589406594242,0.3,0.2283166666666667,0.8342499999999999,0.4125,0.8325,,,,,,,,,,,,,,,,,,,,,,,,,,,,,,,0.4783,-0.7993411697978952,0.2814905223573901,0.3,0.0,0.89315,0.2,0.3578,,,,,,,,,,,,,,,,,,,,,,
2,10,-0.5497524564415004,,,,,,,,-0.982100009918213,0.0,,,,,,,,,,,,,,,,,,,,,,,,0.4348,0.19422275306847142,0.5355043842080391,0.3312185477149351,0.4125,0.8325,,,,,,,,,,,,,,,,,,,,,,,,,,,,,,,,,0.4783,0.2507124954567972,0.43212543579559565,0.3841391630786173,0.2,0.3578,,,,,,,,,,,,,,,,
3,10,-0.0033361683999999997,,,,,,,,,,0.2379000037908551,-0.0981,0.5644000172615051,,,,,,,,,,,,,,,,,,,,,,,,,,,0.4348,0.5610477800837492,0.49570253241219014,0.704584,0.04905,0.0,0.4125,0.8325,,,,,,,,,,,,,,,,,,,,,,,,,,,,,,,0.4783,0.2433160322557333,0.5409035331324525,0.6105174,0.0,0.2822,0.2,0.3578,,,,,,,,
4,10,-0.29896110765366934,,,,,,,,,,,,,-0.3584349580854179,0.486299991607666,0.0,-0.13330000638961792,,,,,,,,,,,,,,,,,,,,,,,,,,,,,,,0.4348,-0.6222992724573106,0.27545999117587744,0.31018,0.0,0.925956,0.4125,0.8325,,,,,,,,,,,,,,,,,,,,,,,,,,,,,,,0.4783,-0.9619358398368314,0.2,0.35881,0.0,0.8579730000000001,0.2,0.3578
0,11,-0.7411975438830535,0.8467000126838685,-0.0,-0.5,,,,,,,,,,,,,,0.4783,0.608037487043953,0.28595789859169396,0.3,0.0,0.25,0.2,0.3578,,,,,,,,,,,,,,,,,,,,,,,,,,,,,,,0.5217,0.753498816038521,0.4468309010016289,0.3,0.0,0.0,0.2,0.3578,,,,,,,,,,,,,,,,,,,,,,,,,,,,,,
1,11,-0.15957982132446288,,,,0.8497999906539917,0.007300000172108412,0.0,-0.4514000117778778,,,,,,,,,,,,,,,,,,0.4783,-0.7993411697978952,0.2814905223573901,0.3,0.0,0.89315,0.2,0.3578,,,,,,,,,,,,,,,,,,,,,,,,,,,,,,,0.5217,-0.7083914869011464,0.4429525205816485,0.30073,0.0,0.6674500000000001,0.2,0.3578,,,,,,,,,,,,,,,,,,,,,,
2,11,-0.35665574617126333,,,,,,,,-0.21379999816417714,0.4550000131130219,,,,,,,,,,,,,,,,,,,,,,,,0.4783,0.2507124954567972,0.43212543579559565,0.3841391630786173,0.2,0.3578,,,,,,,,,,,,,,,,,,,,,,,,,,,,,,,,,0.5217,0.3544834322536324,0.40962017283094543,0.35135935046603356,0.2,0.3578,,,,,,,,,,,,,,,,
3,11,0.0,,,,,,,,,,0.33700001239776617,-0.0,-0.5644,,,,,,,,,,,,,,,,,,,,,,,,,,,0.4783,0.2433160322557333,0.5409035331324525,0.6105174,0.0,0.2822,0.2,0.3578,,,,,,,,,,,,,,,,,,,,,,,,,,,,,,,0.5217,0.39340041509464385,0.6049335354880282,0.6105174,0.0,0.0,0.2,0.3578,,,,,,,,
4,11,-0.171936898083208,,,,,,,,,,,,,0.6703000068664551,0.0,0.29405000000000003,-0.31690001487731934,,,,,,,,,,,,,,,,,,,,,,,,,,,,,,,0.4783,-0.9619358398368314,0.2,0.35881,0.0,0.8579730000000001,0.2,0.3578,,,,,,,,,,,,,,,,,,,,,,,,,,,,,,,0.5217,-0.8760353227602059,0.32735700130462647,0.3,0.13722333333333334,0.696354,0.2,0.3578
0,12,-0.4226789327987051,0.8618999719619752,-0.0,-0.0,,,,,,,,,,,,,,0.5217,0.753498816038521,0.4468309010016289,0.3,0.0,0.0,0.2,0.3578,,,,,,,,,,,,,,,,,,,,,,,,,,,,,,,0.5652,0.6921598995139459,0.6105918956744042,0.3,0.0,0.0,0.4125,0.8325,,,,,,,,,,,,,,,,,,,,,,,,,,,,,,
1,12,-0.20354864133094522,,,,0.8826000094413757,0.4887000024318695,0.0,-0.0982000008225441,,,,,,,,,,,,,,,,,,0.5217,-0.7083914869011464,0.4429525205816485,0.30073,0.0,0.6674500000000001,0.2,0.3578,,,,,,,,,,,,,,,,,,,,,,,,,,,,,,,0.5652,-0.6244549623091503,0.6106465223755099,0.3496,0.0,0.61835,0.4125,0.8325,,,,,,,,,,,,,,,,,,,,,,
2,12,-0.3545936337031771,,,,,,,,-0.07320000231266038,0.36090001463890076,,,,,,,,,,,,,,,,,,,,,,,,0.5217,0.3544834322536324,0.40962017283094543,0.35135935046603356,0.2,0.3578,,,,,,,,,,,,,,,,,,,,,,,,,,,,,,,,,0.5652,0.34067318598913526,0.4019149094296127,0.34703295195274697,0.4125,0.8325,,,,,,,,,,,,,,,,
3,12,0.0,,,,,,,,,,0.4993000030517578,-0.0,-0.0,,,,,,,,,,,,,,,,,,,,,,,,,,,0.5217,0.39340041509464385,0.6049335354880282,0.6105174,0.0,0.0,0.2,0.3578,,,,,,,,,,,,,,,,,,,,,,,,,,,,,,,0.5652,0.37727768834950176,0.6998005360678622,0.6105174,0.0,0.0,0.4125,0.8325,,,,,,,,
4,12,-0.12237105615549501,,,,,,,,,,,,,0.5688999891281128,0.013199999928474426,-0.29405000000000003,-0.26969999074935913,,,,,,,,,,,,,,,,,,,,,,,,,,,,,,,0.5217,-0.8760353227602059,0.32735700130462647,0.3,0.13722333333333334,0.696354,0.2,0.3578,,,,,,,,,,,,,,,,,,,,,,,,,,,,,,,0.5652,-0.77981106011619,0.4354479992389679,0.30132,0.0,0.5588069999999999,0.4125,0.8325
0,13,1.7711798233258025,0.2071000039577484,-0.0,-0.0,,,,,,,,,,,,,,0.5652,0.6921598995139459,0.6105918956744042,0.3,0.0,0.0,0.4125,0.8325,,,,,,,,,,,,,,,,,,,,,,,,,,,,,,,0.6087,0.38845595190498755,0.6499408964263764,0.3,0.0,0.0,0.4125,0.8325,,,,,,,,,,,,,,,,,,,,,,,,,,,,,,
1,13,-0.2501402285163039,,,,-0.41899999976158125,0.4447999894618988,0.0,0.275499999523163,,,,,,,,,,,,,,,,,,0.5652,-0.6244549623091503,0.6106465223755099,0.3496,0.0,0.61835,0.4125,0.8325,,,,,,,,,,,,,,,,,,,,,,,,,,,,,,,0.6087,-0.5618895086640423,0.5224359961099139,0.39408,0.0,0.7561,0.4125,0.8325,,,,,,,,,,,,,,,,,,,,,,
2,13,-0.5793624708700126,,,,,,,,-0.7603999972343445,0.0,,,,,,,,,,,,,,,,,,,,,,,,0.5652,0.34067318598913526,0.4019149094296127,0.34703295195274697,0.4125,0.8325,,,,,,,,,,,,,,,,,,,,,,,,,,,,,,,,,0.6087,0.11357522614439601,0.3218728044575765,0.32540492256419623,0.4125,0.8325,,,,,,,,,,,,,,,,
3,13,-0.0034680332249999997,,,,,,,,,,-0.6960999965667723,-0.0,0.5823000073432922,,,,,,,,,,,,,,,,,,,,,,,,,,,0.5652,0.37727768834950176,0.6998005360678622,0.6105174,0.0,0.0,0.4125,0.8325,,,,,,,,,,,,,,,,,,,,,,,,,,,,,,,0.6087,0.13780458060152348,0.5532531683695943,0.5134674,0.0,0.29114999999999996,0.4125,0.8325,,,,,,,,
4,13,-0.20930095155823203,,,,,,,,,,,,,-0.8023999929428102,0.0,-0.0,0.4634000062942503,,,,,,,,,,,,,,,,,,,,,,,,,,,,,,,0.5652,-0.77981106011619,0.4354479992389679,0.30132,0.0,0.5588069999999999,0.4125,0.8325,,,,,,,,,,,,,,,,,,,,,,,,,,,,,,,0.6087,-0.654782989889542,0.2665216849352184,0.30132,0.0,0.795141,0.4125,0.8325
0,14,1.0321623130214375,-0.2630000114440918,-0.0,-0.0,,,,,,,,,,,,,,0.6087,0.38845595190498755,0.6499408964263764,0.3,0.0,0.0,0.4125,0.8325,,,,,,,,,,,,,,,,,,,,,,,,,,,,,,,0.6522,0.2098705952541881,0.5945724729644624,0.3,0.0,0.0,0.4125,0.8325,,,,,,,,,,,,,,,,,,,,,,,,,,,,,,
1,14,-0.29002081352986137,,,,-0.09929999709129332,0.6669999957084656,0.0,0.05530000105500221,,,,,,,,,,,,,,,,,,0.6087,-0.5618895086640423,0.5224359961099139,0.39408,0.0,0.7561,0.4125,0.8325,,,,,,,,,,,,,,,,,,,,,,,,,,,,,,,0.6522,-0.6515168757536345,0.5015307335643784,0.46077999999999997,0.0,0.78375,0.4125,0.8325,,,,,,,,,,,,,,,,,,,,,,
2,14,-0.5389444045703125,,,,,,,,-0.49559998512268094,0.0,,,,,,,,,,,,,,,,,,,,,,,,0.6087,0.11357522614439601,0.3218728044575765,0.32540492256419623,0.4125,0.8325,,,,,,,,,,,,,,,,,,,,,,,,,,,,,,,,,0.6522,-0.09731924952100084,0.2697043849709785,0.34570389828651815,0.4125,0.8325,,,,,,,,,,,,,,,,
3,14,-0.006359149224999999,,,,,,,,,,-0.3233999907970429,0.0,0.3490000069141388,,,,,,,,,,,,,,,,,,,,,,,,,,,0.6087,0.13780458060152348,0.5532531683695943,0.5134674,0.0,0.29114999999999996,0.4125,0.8325,,,,,,,,,,,,,,,,,,,,,,,,,,,,,,,0.6522,0.058051328061189705,0.48516895978074315,0.35825080000000004,0.0,0.46564999999999995,0.4125,0.8325,,,,,,,,
4,14,-0.3358150757273011,,,,,,,,,,,,,-0.3159780034422873,0.7547000050544739,0.0,0.1339000016450882,,,,,,,,,,,,,,,,,,,,,,,,,,,,,,,0.6087,-0.654782989889542,0.2665216849352184,0.30132,0.0,0.795141,0.4125,0.8325,,,,,,,,,,,,,,,,,,,,,,,,,,,,,,,0.6522,-0.6970884403019413,0.2,0.37679,0.0,0.86343,0.4125,0.8325
0,15,-0.10320639256513683,-0.33050000667572005,-0.0,-0.0,,,,,,,,,,,,,,0.6522,0.2098705952541881,0.5945724729644624,0.3,0.0,0.0,0.4125,0.8325,,,,,,,,,,,,,,,,,,,,,,,,,,,,,,,0.6957,0.6184555707366525,0.5249935241906265,0.3,0.0,0.0,0.4125,0.8325,,,,,,,,,,,,,,,,,,,,,,,,,,,,,,
1,15,-0.2621502660987043,,,,-0.2558999955654144,0.8507999777793884,0.0,-0.262800008058548,,,,,,,,,,,,,,,,,,0.6522,-0.6515168757536345,0.5015307335643784,0.46077999999999997,0.0,0.78375,0.4125,0.8325,,,,,,,,,,,,,,,,,,,,,,,,,,,,,,,0.6957,-0.7689885059779065,0.44765705028744907,0.54586,0.0,0.65235,0.4125,0.8325,,,,,,,,,,,,,,,,,,,,,,
2,15,-0.5768619568481446,,,,,,,,0.24320000410079956,0.0,,,,,,,,,,,,,,,,,,,,,,,,0.6522,-0.09731924952100084,0.2697043849709785,0.34570389828651815,0.4125,0.8325,,,,,,,,,,,,,,,,,,,,,,,,,,,,,,,,,0.6957,-0.21271920151266444,0.2928083853605544,0.34305329564108233,0.4125,0.8325,,,,,,,,,,,,,,,,
3,15,-0.0018781506150400001,,,,,,,,,,-0.2960000038146973,0.0,-0.5817951999999998,,,,,,,,,,,,,,,,,,,,,,,,,,,0.6522,0.058051328061189705,0.48516895978074315,0.35825080000000004,0.0,0.46564999999999995,0.4125,0.8325,,,,,,,,,,,,,,,,,,,,,,,,,,,,,,,0.6957,0.2450907172767313,0.42285316950396473,0.3,0.0,0.17475200000000002,0.4125,0.8325,,,,,,,,
4,15,-0.3669017916623284,,,,,,,,,,,,,0.0,0.7804999947547913,0.0,0.11800000071525574,,,,,,,,,,,,,,,,,,,,,,,,,,,,,,,0.6522,-0.6970884403019413,0.2,0.37679,0.0,0.86343,0.4125,0.8325,,,,,,,,,,,,,,,,,,,,,,,,,,,,,,,0.6957,-0.7205872506189139,0.2,0.45483999999999997,0.0,0.92361,0.4125,0.8325
0,16,0.26054914128525797,0.003899999894201756,0.10729999840259552,0.0,,,,,,,,,,,,,,0.6957,0.6184555707366525,0.5249935241906265,0.3,0.0,0.0,0.4125,0.8325,,,,,,,,,,,,,,,,,,,,,,,,,,,,,,,0.7391,0.42891018133939235,0.5257345241705249,0.308584,0.05365,0.0,0.4125,0.8325,,,,,,,,,,,,,,,,,,,,,,,,,,,,,,
1,16,-0.2784074203089704,,,,-0.4054000079631806,0.7361999750137329,0.0,0.1623000055551529,,,,,,,,,,,,,,,,,,0.6957,-0.7689885059779065,0.44765705028744907,0.54586,0.0,0.65235,0.4125,0.8325,,,,,,,,,,,,,,,,,,,,,,,,,,,,,,,0.7391,-0.87148422104464,0.36230968018993737,0.61948,0.0,0.7334999999999999,0.4125,0.8325,,,,,,,,,,,,,,,,,,,,,,
2,16,-0.5718820634747219,,,,,,,,-0.09080000221729295,0.0,,,,,,,,,,,,,,,,,,,,,,,,0.6957,-0.21271920151266444,0.2928083853605544,0.34305329564108233,0.4125,0.8325,,,,,,,,,,,,,,,,,,,,,,,,,,,,,,,,,0.7391,-0.43574211052232,0.2832504903903131,0.3656425612972354,0.4125,0.8325,,,,,,,,,,,,,,,,
3,16,0.0,,,,,,,,,,-0.31889998912811285,-0.0,-0.34950400000000004,,,,,,,,,,,,,,,,,,,,,,,,,,,0.6957,0.2450907172767313,0.42285316950396473,0.3,0.0,0.17475200000000002,0.4125,0.8325,,,,,,,,,,,,,,,,,,,,,,,,,,,,,,,0.7391,0.14921948928128995,0.3557163296875199,0.3,0.0,0.0,0.4125,0.8325,,,,,,,,
4,16,-0.38757774683144797,,,,,,,,,,,,,0.07609999924898149,0.9999999999999994,0.0,-0.031099999323487282,,,,,,,,,,,,,,,,,,,,,,,,,,,,,,,0.6957,-0.7205872506189139,0.2,0.45483999999999997,0.0,0.92361,0.4125,0.8325,,,,,,,,,,,,,,,,,,,,,,,,,,,,,,,0.7391,-0.7744919010119181,0.2144589998573065,0.55484,0.0,0.907749,0.4125,0.8325
0,17,0.03541631994690436,-0.559499979019165,-0.10419999808073044,0.0,,,,,,,,,,,,,,0.7391,0.42891018133939235,0.5257345241705249,0.308584,0.05365,0.0,0.4125,0.8325,,,,,,,,,,,,,,,,,,,,,,,,,,,,,,,0.7826,0.3489458818814606,0.4079450549033322,0.308832,0.00155,0.0,0.4125,0.8325,,,,,,,,,,,,,,,,,,,,,,,,,,,,,,
1,17,-0.30018664557157915,,,,-0.42579999566078197,0.7825999855995178,0.0,0.07810000330209732,,,,,,,,,,,,,,,,,,0.7391,-0.87148422104464,0.36230968018993737,0.61948,0.0,0.7334999999999999,0.4125,0.8325,,,,,,,,,,,,,,,,,,,,,,,,,,,,,,,0.7826,-0.8838954556474952,0.27266757584029905,0.69774,0.0,0.77255,0.4125,0.8325,,,,,,,,,,,,,,,,,,,,,,
2,17,-0.6145984421691405,,,,,,,,-0.36989998817443853,0.0,,,,,,,,,,,,,,,,,,,,,,,,0.7391,-0.43574211052232,0.2832504903903131,0.3656425612972354,0.4125,0.8325,,,,,,,,,,,,,,,,,,,,,,,,,,,,,,,,,0.7826,-0.4419477277237476,0.24431364952984586,0.2675069494318456,0.4125,0.8325,,,,,,,,,,,,,,,,
3,17,0.0,,,,,,,,,,-0.4129000008106232,-0.0,-0.0,,,,,,,,,,,,,,,,,,,,,,,,,,,0.7391,0.14921948928128995,0.3557163296875199,0.3,0.0,0.0,0.4125,0.8325,,,,,,,,,,,,,,,,,,,,,,,,,,,,,,,0.7826,0.07737801211220342,0.2687900137273887,0.3,0.0,0.0,0.4125,0.8325,,,,,,,,
4,17,-0.4126596612635632,,,,,,,,,,,,,0.12020000070333481,0.8460999727249146,0.0,0.18088431372549016,,,,,,,,,,,,,,,,,,,,,,,,,,,,,,,0.7391,-0.7744919010119181,0.2144589998573065,0.55484,0.0,0.907749,0.4125,0.8325,,,,,,,,,,,,,,,,,,,,,,,,,,,,,,,0.7826,-0.800030307580305,0.2372969999909401,0.6394500000000001,0.0,1.0,0.4125,0.8325
0,18,0.19717894559566992,-0.8101000189781189,-0.0031,0.05299199999999996,,,,,,,,,,,,,,0.7826,0.3489458818814606,0.4079450549033322,0.308832,0.00155,0.0,0.4125,0.8325,,,,,,,,,,,,,,,,,,,,,,,,,,,,,,,0.8261,0.32554488666019277,0.23739768248688614,0.3,0.0,0.026496,0.2,1.2109,,,,,,,,,,,,,,,,,,,,,,,,,,,,,,
1,18,-0.22149967596,,,,-0.3451709852414204,0.0,1.0,0.039900001138448715,,,,,,,,,,,,,,,,,,0.7826,-0.8838954556474952,0.27266757584029905,0.69774,0.0,0.77255,0.4125,0.8325,,,,,,,,,,,,,,,,,,,,,,,,,,,,,,,0.8261,-0.5866265813104264,0.2,0.4834542,0.5,0.7925,0.2,1.2109,,,,,,,,,,,,,,,,,,,,,,
2,18,-0.4335657253795125,,,,,,,,-0.42097967053353563,0.0,,,,,,,,,,,,,,,,,,,,,,,,0.7826,-0.4419477277237476,0.24431364952984586,0.2675069494318456,0.4125,0.8325,,,,,,,,,,,,,,,,,,,,,,,,,,,,,,,,,0.8261,-0.2933132906352132,0.2,0.2670849381769769,0.2,1.2109,,,,,,,,,,,,,,,,
3,18,0.0,,,,,,,,,,-0.32675256520509643,-0.0,-0.0,,,,,,,,,,,,,,,,,,,,,,,,,,,0.7826,0.07737801211220342,0.2687900137273887,0.3,0.0,0.0,0.4125,0.8325,,,,,,,,,,,,,,,,,,,,,,,,,,,,,,,0.8261,0.0645601849388588,0.2,0.3,0.0,0.0,0.2,1.2109,,,,,,,,
4,18,-0.33351417054407195,,,,,,,,,,,,,-0.01400000043213364,0.22869999706745148,0.0,0.0,,,,,,,,,,,,,,,,,,,,,,,,,,,,,,,0.7826,-0.800030307580305,0.2372969999909401,0.6394500000000001,0.0,1.0,0.4125,0.8325,,,,,,,,,,,,,,,,,,,,,,,,,,,,,,,0.8261,-0.515051886251612,0.23434963147891197,0.66232,0.0,1.0,0.2,1.2109
0,19,0.056391007274659156,-0.15139999985694888,-0.0,-0.052992,,,,,,,,,,,,,,0.8261,0.32554488666019277,0.23739768248688614,0.3,0.0,0.026496,0.2,1.2109,,,,,,,,,,,,,,,,,,,,,,,,,,,,,,,0.8696,0.5323349716419822,0.20552399830647586,0.3,0.0,0.0,0.2,1.2109,,,,,,,,,,,,,,,,,,,,,,,,,,,,,,
1,19,-0.26657379325049996,,,,0.0,0.0,-0.1438803999999999,0.2151000052690506,,,,,,,,,,,,,,,,,,0.8261,-0.5866265813104264,0.2,0.4834542,0.5,0.7925,0.2,1.2109,,,,,,,,,,,,,,,,,,,,,,,,,,,,,,,0.8696,-0.33172288309358283,0.2,0.3,0.42806,0.9000499999999999,0.2,1.2109,,,,,,,,,,,,,,,,,,,,,,
2,19,-0.3920443443972384,,,,,,,,0.0,0.06210000067949296,,,,,,,,,,,,,,,,,,,,,,,,0.8261,-0.2933132906352132,0.2,0.2670849381769769,0.2,1.2109,,,,,,,,,,,,,,,,,,,,,,,,,,,,,,,,,0.8696,-0.16586144154679142,0.2,0.18648843065721465,0.2,1.2109,,,,,,,,,,,,,,,,
3,19,0.0408693824,,,,,,,,,,0.0,0.5551999807357788,0.0,,,,,,,,,,,,,,,,,,,,,,,,,,,0.8261,0.0645601849388588,0.2,0.3,0.0,0.0,0.2,1.2109,,,,,,,,,,,,,,,,,,,,,,,,,,,,,,,0.8696,0.31012294648631755,0.2,0.344416,0.2776,0.0,0.2,1.2109,,,,,,,,
4,19,-0.1055297726728,,,,,,,,,,,,,-0.16316074952483178,0.0,0.6703000068664551,-1.0,,,,,,,,,,,,,,,,,,,,,,,,,,,,,,,0.8261,-0.515051886251612,0.23434963147891197,0.66232,0.0,1.0,0.2,1.2109,,,,,,,,,,,,,,,,,,,,,,,,,,,,,,,0.8696,-0.236526005494961,0.2,0.52826,0.3128066666666667,0.49,0.2,1.2109
0,20,0.20940125239588395,-0.02623899195576027,-0.0,-0.0,,,,,,,,,,,,,,0.8696,0.5323349716419822,0.20552399830647586,0.3,0.0,0.0,0.2,1.2109,,,,,,,,,,,,,,,,,,,,,,,,,,,,,,,0.913,0.5118681413762004,0.2,0.3,0.0,0.0,0.2,0.8325,,,,,,,,,,,,,,,,,,,,,,,,,,,,,,
1,20,-0.265495271904,,,,0.0,0.0,-0.85612,0.0414000004529953,,,,,,,,,,,,,,,,,,0.8696,-0.33172288309358283,0.2,0.3,0.42806,0.9000499999999999,0.2,1.2109,,,,,,,,,,,,,,,,,,,,,,,,,,,,,,,0.913,-0.21488785353981438,0.2,0.3,0.0,0.9207500000000001,0.2,0.8325,,,,,,,,,,,,,,,,,,,,,,
2,20,-0.024665903197135856,,,,,,,,0.066600002348423,0.49075902804530175,,,,,,,,,,,,,,,,,,,,,,,,0.8696,-0.16586144154679142,0.2,0.18648843065721465,0.2,1.2109,,,,,,,,,,,,,,,,,,,,,,,,,,,,,,,,,0.913,-0.1074439267799072,0.2063270002231002,0.13857798713613467,0.2,0.8325,,,,,,,,,,,,,,,,
3,20,0.019721539775000005,,,,,,,,,,0.0,-0.289900004863739,0.0,,,,,,,,,,,,,,,,,,,,,,,,,,,0.8696,0.31012294648631755,0.2,0.344416,0.2776,0.0,0.2,1.2109,,,,,,,,,,,,,,,,,,,,,,,,,,,,,,,0.913,0.33430438720409483,0.2,0.36563999999999997,0.13265000000000002,0.0,0.2,0.8325,,,,,,,,
4,20,-0.025037348249272003,,,,,,,,,,,,,0.0,0.0,-0.07890000194311142,-0.6739000082015991,,,,,,,,,,,,,,,,,,,,,,,,,,,,,,,0.8696,-0.236526005494961,0.2,0.52826,0.3128066666666667,0.49,0.2,1.2109,,,,,,,,,,,,,,,,,,,,,,,,,,,,,,,0.913,-0.126538190751014,0.2,0.40998,0.2759866666666667,0.146311,0.2,0.8325
0,21,0.3066930720047739,0.023399999365210537,-0.0,-0.0,,,,,,,,,,,,,,0.913,0.5118681413762004,0.2,0.3,0.0,0.0,0.2,0.8325,,,,,,,,,,,,,,,,,,,,,,,,,,,,,,,0.9565,0.5411443506807357,0.20444599987939,0.3,0.0,0.0,0.2,0.3578,,,,,,,,,,,,,,,,,,,,,,,,,,,,,,
1,21,-0.1715529532032,,,,0.0,0.0,-0.0,-0.4383000135421753,,,,,,,,,,,,,,,,,,0.913,-0.21488785353981438,0.2,0.3,0.0,0.9207500000000001,0.2,0.8325,,,,,,,,,,,,,,,,,,,,,,,,,,,,,,,0.9565,-0.11051597951697482,0.2,0.3,0.0,0.7016,0.2,0.3578,,,,,,,,,,,,,,,,,,,,,,
2,21,-0.014650724845742797,,,,,,,,-0.06010650211945175,0.3646789135161439,,,,,,,,,,,,,,,,,,,,,,,,0.913,-0.1074439267799072,0.2063270002231002,0.13857798713613467,0.2,0.8325,,,,,,,,,,,,,,,,,,,,,,,,,,,,,,,,,0.9565,-0.05525798975848741,0.2,0.11138501690780406,0.2,0.3578,,,,,,,,,,,,,,,,
3,21,-0.002160054864,,,,,,,,,,0.0,-0.26530000000000004,0.3938399999999999,,,,,,,,,,,,,,,,,,,,,,,,,,,0.913,0.33430438720409483,0.2,0.36563999999999997,0.13265000000000002,0.0,0.2,0.8325,,,,,,,,,,,,,,,,,,,,,,,,,,,,,,,0.9565,0.3955071665284216,0.2,0.3,-0.0,0.19692,0.2,0.3578,,,,,,,,
4,21,-0.0,,,,,,,,,,,,,0.0,0.0,-0.5914,-0.28688431372549017,,,,,,,,,,,,,,,,,,,,,,,,,,,,,,,0.913,-0.126538190751014,0.2,0.40998,0.2759866666666667,0.146311,0.2,0.8325,,,,,,,,,,,,,,,,,,,,,,,,,,,,,,,0.9565,-0.02036294825159302,0.2,0.40998,0.0,0.0,0.2,0.3578
0,22,0.47230234403716476,0.05750000104308129,-0.0,-0.0,,,,,,,,,,,,,,0.9565,0.5411443506807357,0.20444599987939,0.3,0.0,0.0,0.2,0.3578,,,,,,,,,,,,,,,,,,,,,,,,,,,,,,,1.0,0.528446436143945,0.21537100007757545,0.3,0.0,0.0,0.2,0.3578,,,,,,,,,,,,,,,,,,,,,,,,,,,,,,
1,22,-0.12483761609280002,,,,0.0,0.0,-0.0,-0.2603999972343445,,,,,,,,,,,,,,,,,,0.9565,-0.11051597951697482,0.2,0.3,0.0,0.7016,0.2,0.3578,,,,,,,,,,,,,,,,,,,,,,,,,,,,,,,1.0,-0.06016863807397081,0.2,0.3,0.0,0.5714,0.2,0.3578,,,,,,,,,,,,,,,,,,,,,,
2,22,-0.010097777908578704,,,,,,,,0.0,0.29311846554685284,,,,,,,,,,,,,,,,,,,,,,,,0.9565,-0.05525798975848741,0.2,0.11138501690780406,0.2,0.3578,,,,,,,,,,,,,,,,,,,,,,,,,,,,,,,,,1.0,-0.030084319038985407,0.2,0.1035582241830437,0.2,0.3578,,,,,,,,,,,,,,,,
3,22,0.0,,,,,,,,,,0.0,0.0,-0.39384,,,,,,,,,,,,,,,,,,,,,,,,,,,0.9565,0.3955071665284216,0.2,0.3,-0.0,0.19692,0.2,0.3578,,,,,,,,,,,,,,,,,,,,,,,,,,,,,,,1.0,0.41049964865273353,0.2,0.3,0.0,0.0,0.2,0.3578,,,,,,,,
4,22,-0.028087405514616005,,,,,,,,,,,,,0.5399000048637391,0.0,0.5499,0.32829999923706055,,,,,,,,,,,,,,,,,,,,,,,,,,,,,,,0.9565,-0.02036294825159302,0.2,0.40998,0.0,0.0,0.2,0.3578,,,,,,,,,,,,,,,,,,,,,,,,,,,,,,,1.0,0.02794815545197298,0.3025810009241104,0.3,0.25662,0.16743300000000003,0.2,0.3578
0,23,0.5593965682282351,-0.07301225036848336,-0.0,-0.0,,,,,,,,,,,,,,1.0,0.528446436143945,0.21537100007757545,0.3,0.0,0.0,0.2,0.3578,,,,,,,,,,,,,,,,,,,,,,,,,,,,,,,0.0,0.5558027261128102,0.2,0.3,0.0,0.0,0.2,0.3578,,,,,,,,,,,,,,,,,,,,,,,,,,,,,,
1,23,-0.0777406994304,,,,0.0,0.0,-0.0,-0.3124000132083893,,,,,,,,,,,,,,,,,,1.0,-0.06016863807397081,0.2,0.3,0.0,0.5714,0.2,0.3578,,,,,,,,,,,,,,,,,,,,,,,,,,,,,,,0.0,-0.12275596695491882,0.2,0.3,0.0,0.4152,0.2,0.3578,,,,,,,,,,,,,,,,,,,,,,
2,23,-0.008939181722719982,,,,,,,,0.0,0.2725216425869571,,,,,,,,,,,,,,,,,,,,,,,,1.0,-0.030084319038985407,0.2,0.1035582241830437,0.2,0.3578,,,,,,,,,,,,,,,,,,,,,,,,,,,,,,,,,0.0,-0.0613779834674594,0.2,0.138062473220997,0.2,0.3578,,,,,,,,,,,,,,,,
3,23,0.0,,,,,,,,,,0.0,-0.0,-0.0,,,,,,,,,,,,,,,,,,,,,,,,,,,1.0,0.41049964865273353,0.2,0.3,0.0,0.0,0.2,0.3578,,,,,,,,,,,,,,,,,,,,,,,,,,,,,,,0.0,0.4059826320758295,0.2,0.3,0.0,0.0,0.2,0.3578,,,,,,,,
4,23,-0.021883712200896,,,,,,,,,,,,,-0.48725975438952446,0.0,-0.5499,-0.013500000350177288,,,,,,,,,,,,,,,,,,,,,,,,,,,,,,,1.0,0.02794815545197298,0.3025810009241104,0.3,0.25662,0.16743300000000003,0.2,0.3578,,,,,,,,,,,,,,,,,,,,,,,,,,,,,,,0.0,-0.029283843856261007,0.2,0.3,0.0,0.160548,0.2,0.3578
